,Baseline Model,Neural Net Classification,KMeans Model,Distinct Prototype,Supervised Distinct Model,OSF Sense Model
Baseline Model,0.0,0.9999495097488645,0.7927014360481439,0.9999999981928874,0.999999999950667,0.9999998206414815
Neural Net Classification,5.0490251135499264e-05,0.0,6.530094229474546e-05,0.9798471432225213,0.9920094147221137,0.2314281763447983
KMeans Model,0.20729856395185614,0.9999346990577053,0.0,0.9999999997741758,0.9999999999693999,0.9995590413305592
Distinct Prototype,1.8071126180562282e-09,0.02015285677747872,2.2582430200474292e-10,0.0,0.7829434341521536,0.007232705717473619
Supervised Distinct Model,4.933292739899158e-11,0.007990585277886304,3.0600115010766226e-11,0.21705656584784638,0.0,0.0013379173948989164
OSF Sense Model,1.7935851853374996e-07,0.7685718236552017,0.0004409586694408166,0.9927672942825264,0.998662082605101,0.0
