,Baseline Model,Neural Net Classification,KMeans Model,Distinct Prototype,Supervised Distinct Model
in,0.8135593220338984,0.9322033898305084,0.8135593220338984,0.864406779661017,0.847457627118644
on,0.9451219512195121,0.975609756097561,0.9573170731707317,0.9512195121951219,0.9634146341463414
under,0.8085106382978723,0.9113475177304965,0.9078014184397163,0.9078014184397163,0.9432624113475178
over,0.8,0.8470588235294118,0.7764705882352941,0.8235294117647058,0.9529411764705882
Average,0.8417979778878206,0.9165548717969945,0.86378710046991,0.8867392805151402,0.9267689622707729
Overall,0.8574610244988864,0.9253897550111359,0.888641425389755,0.9020044543429844,0.9398663697104677
