,Scene,Figure,Ground,ground_lightsource,ground_container,support,ground_verticality,size_ratio,shortest_distance,contact_proportion,above_proportion,below_proportion,bbox_overlap_proportion,horizontal_distance,f_covers_g,g_covers_f,figure_lightsource,figure_container,location_control,selection_ratio,selected_atleast_once
27,compsvi15,pencil,box,-0.12166736738870315,1.672698320953217,-0.6282480394372745,-0.3832424471159501,-0.21342093891054806,-0.602573893987224,2.412757657805914,-0.9059561524155018,-0.7484621051199398,1.9722149227559065,-0.5538496299118854,-0.8282629793995372,0.26613761601986674,-0.1216673673887032,-0.5968659206925575,-0.13761440224089333,0.3333333333333333,1
113,compsvu17,box (1),table,-0.12166736738870315,-0.5968659206925575,-0.6282477029472784,-0.3832424471159501,-0.21338547578169687,-0.4557078028136679,-0.4495031203312162,-0.9059561524155018,-0.6252114358610876,0.519055645661,2.0624343148929536,-0.8394853179673688,-0.44606724978033296,-0.1216673673887032,1.672698320953217,-0.8052857293092092,0.25,1
125,compsvu56,box,balloon,-0.12166736738870315,-0.5968659206925575,-0.6282480394372745,2.6050784063451293,-0.2131067288835476,2.2531623947367083,-0.4495031203312162,-0.9059561524155018,1.6343840719040237,-0.3570435486078057,1.2489461793141217,0.13675698730068556,0.9594879407700188,-0.1216673673887032,1.672698320953217,-0.8052035324521594,0.2,1
