,Scene,Figure,Ground,ground_lightsource,ground_container,support,ground_verticality,size_ratio,shortest_distance,contact_proportion,above_proportion,below_proportion,bbox_overlap_proportion,horizontal_distance,f_covers_g,g_covers_f,figure_lightsource,figure_container,location_control,selection_ratio,selected_atleast_once
41,compsvi26a,pencil,lamp,8.205788000549202,-0.5968659206925575,0.2760862226958302,2.6050784063451293,-0.2134053423859445,-0.602573893987224,1.1406416009307978,-0.9059561524155018,-0.7484621051199398,3.1695669218104805,-0.5985728743697829,-0.3682060722371392,0.8529693097259172,-0.1216673673887032,-0.5968659206925575,0.07901952837517426,0.09090909090909093,1
49,compsvi45,pencil,mug,-0.12166736738870315,1.672698320953217,1.1352231691164998,-0.3832424471159501,-0.21320108003197666,-0.4975581924613212,-0.4495031203312162,-0.9059561524155018,-0.6943065166862483,1.8356447463774237,-0.7842121152204823,-0.3957836426511719,0.22468968260462174,-0.1216673673887032,-0.5968659206925575,0.7945467881406945,0.3333333333333333,1
117,compsvu25,cube,book,-0.12166736738870315,-0.5968659206925575,-0.5805254558093608,-0.3832424471159501,-0.21314715333844866,-0.602573893987224,1.2996562829561276,-0.9059561524155018,-0.4506063329919444,4.376559231966772,-0.7977300219470825,-0.013499523313515656,1.5115069504137852,-0.1216673673887032,-0.5968659206925575,1.200524979353787,0.3333333333333333,1
121,compsvu34,picture,book (1),-0.12166736738870315,-0.5968659206925575,-0.6282480394372745,-0.3832424471159501,-0.21157335395370144,-0.1586613994582855,-0.4495031203312162,-0.9059561524155018,0.20467636568964565,-0.2950282120864859,-0.8626692603721413,1.536002907966404,0.1959200591489382,-0.1216673673887032,-0.5968659206925575,-0.8048276390157506,1.0,1
