,in-canon,in-near1,in-near2,in-far1
Number,2.0,5.0,1.0,3.0
Rank,0.2,0.17142857142857143,0.07407407407407407,0.022126022126022122
