,over-canon,over-near1,over-near2,over-far1
Number,4.0,1.0,21.0,5.0
Rank,0.38095238095238093,0.015873015873015872,0.15665266106442577,0.014021164021164021
