,inside-canon,inside-far1
Number,30.0,12.0
Rank,0.34883004926108374,0.02935779816513762
