,on top of-canon,on top of-near1,on top of-near2,on top of-far1
Number,105.0,12.0,45.0,6.0
Rank,0.44156698564593294,0.2623456790123457,0.4208430913348946,0.1
