,under-canon,under-near1,under-near2,under-far1
Number,3.0,66.0,6.0,36.0
Rank,0.6,0.5380102040816327,0.14610389610389612,0.21361416361416363
